<?xml version="1.0"?>
<!DOCTYPE hibernate-mapping PUBLIC
"-//Hibernate/Hibernate Mapping DTD 3.0//EN"
"http://www.hibernate.org/dtd/hibernate-mapping-3.0.dtd">
<hibernate-mapping package="com.ecommerce">
    <class name="ScreenSizes" table="screensizes">
        <id name="SCREENID" type="long" column="ID">
            <generator class="identity"/>
        </id>
        <property name="size" type="string" column="SIZE"/>
    </class>
</hibernate-mapping>
<?xml version="1.0"?>
<!DOCTYPE hibernate-mapping PUBLIC
"-//Hibernate/Hibernate Mapping DTD 3.0//EN"
"http://www.hibernate.org/dtd/hibernate-mapping-3.0.dtd">
<hibernate-mapping package="com.ecommerce">
    <class name="ScreenSizes" table="screensizes">
        <id name="SCREENID" type="long" column="ID">
            <generator class="identity"/>
        </id>
        <property name="size" type="string" column="SIZE"/>
    </class>
</hibernate-mapping>
