<?xml version='1.0' encoding='utf-8'?>
<!DOCTYPE hibernate-configuration PUBLIC
"-//Hibernate/Hibernate Configuration DTD 3.0//EN"
"C:\Users\satya\Desktop\Mphasis2\MLA Phase0 Practise Exercises\AssPP2\Set3\P2S3P2/hibernate-configuration-3.0.dtd">
<hibernate-configuration>       
  <session-factory>
    <!-- Database connection settings -->
    <property name="connection.driver_class">com.mysql.jdbc.Driver</property>
    <property name="connection.url">jdbc:mysql://localhost:3306/ecom</property>
    <property name="connection.username">root</property>
    <property name="connection.password">Zahur@123</property>
  </session-factory>
</hibernate-configuration>
